,name,id,position,start,end
0,Jared Abbrederis,AbbrJa00,WR,2014,2017
1,Ameer Abdullah,AbduAm00,RB,2015,2020
2,Davante Adams,AdamDa01,WR,2014,2020
3,Jerell Adams,AdamJe01,TE,2016,2019
4,Josh Adams,AdamJo03,RB,2018,2020
5,Rodney Adams,AdamRo01,WR,2017,2017
6,Bralon Addison,AddiBr01,RB,2016,2016
7,Quincy Adeboyejo,AdebQu00,WR,2017,2017
8,Nelson Agholor,AghoNe00,WR,2015,2020
9,Roberto Aguayo,AguaRo00,K,2016,2016
10,Salvon Ahmed,AhmeSa01,RB,2020,2020
11,Kamar Aiken,AikeKa00,WR,2011,2018
12,Brandon Aiyuk ,AiyuBr00,WR,2020,2020
13,Jay Ajayi,AjayJa00,RB,2015,2019
14,Seyi Ajirotutu,AjirSe00,WR,2010,2015
15,Cam Akers ,AkerCa00,RB,2020,2020
16,Jordan Akins,AkinJo00,TE,2018,2020
17,Mario Alford,AlfoMa00,WR,2015,2016
18,Mo Alie-Cox,AlieMo00,TE,2018,2020
19,Brandon Allen,AlleBr00,QB,2019,2020
20,Dwayne Allen,AlleDw00,TE,2012,2018
21,Javorius Allen,AlleJa01,RB,2015,2019
22,Josh Allen ,AlleJo02,QB,2018,2020
23,Keenan Allen ,AlleKe00,WR,2013,2020
24,Kyle Allen,AlleKy00,QB,2018,2020
25,Geronimo Allison,AlliGe01,WR,2016,2019
26,Jace Amaro,AmarJa00,TE,2014,2016
27,Danny Amendola,AmenDa00,WR,2009,2020
28,C.J. Anderson,AndeC.00,RB,2013,2019
29,Derek Anderson ,AndeDe00,QB,2006,2018
30,Robby Anderson,AndeRo04,WR,2016,2020
31,Stephen Anderson,AndeSt01,TE,2016,2020
32,Antonio Andrews,AndrAn00,RB,2014,2016
33,Mark Andrews,AndrMa00,TE,2018,2020
34,JJ Arcega-Whiteside,ArceJJ00,WR,2019,2020
35,Dri Archer,ArchDr00,WR,2014,2015
36,Alex Armah,ArmaAl00,RB,2017,2020
37,Ryquell Armstead,ArmsRy00,RB,2019,2019
38,Dan Arnold,ArnoDa00,WR,2018,2020
39,Cameron Artis-Payne,ArtiCa00,RB,2015,2018
40,Devin Asiasi ,AsiaDe00,TE,2020,2020
41,Matt Asiata,AsiaMa00,RB,2012,2016
42,Marcell Ateman,AtemMa00,WR,2018,2019
43,George Atkinson ,AtkiGe01,RB,2014,2016
44,Antony Auclair ,AuclAn00,TE,2017,2020
45,Miles Austin,AustMi00,WR,2006,2015
46,Tavon Austin,AustTa00,WR,2013,2020
47,Jason Avant,AvanJa00,WR,2006,2015
48,Demarcus Ayers,AyerDe00,WR,2016,2016
49,Alex Bachman,BachAl00,WR,2020,2020
50,Kennard Backman,BackKe00,TE,2015,2015
51,Jeff Badet,BadeJe00,WR,2020,2020
52,Michael Badgley,BadgMi00,K,2018,2020
53,Dan Bailey,BailDa00,K,2011,2020
54,Stedman Bailey,BailSt01,WR,2013,2015
55,Doug Baldwin ,BaldDo00,WR,2011,2018
56,Kalen Ballage,BallKa00,RB,2018,2020
57,Joe Banyard,BanyJo00,RB,2012,2017
58,Peyton Barber,BarbPe01,RB,2016,2020
59,Jake Bargas,BargJa00,RB,2020,2020
60,Matt Barkley,BarkMa00,QB,2013,2020
61,Saquon Barkley,BarkSa00,RB,2018,2020
62,Kenjon Barner,BarnKe00,RB,2013,2020
63,Gary Barnidge,BarnGa01,TE,2008,2016
64,Connor Barth,barthco01,K,2008,2017
65,Tyler Bass,BassTy00,K,2020,2020
66,Cameron Batson,BatsCa00,WR,2018,2020
67,Marcus Baugh,BaugMa02,TE,2020,2020
68,Nick Bawden,BawdNi00,RB,2019,2019
69,Evan Baylis,BaylEv00,TE,2017,2020
70,Cole Beasley,BeasCo00,WR,2012,2020
71,C.J. Beathard,BeatC.00,QB,2017,2020
72,Andrew Beck,BeckAn01,TE,2019,2020
73,Nate Becker,BeckNa00,TE,2020,2020
74,Odell Beckham Jr.,BeckOd00,WR,2014,2020
75,Chad Beebe,BeebCh00,WR,2018,2020
76,Reggie Begelton ,BegeRe00,WR,2020,2020
77,Blake Bell,BellBl00,TE,2015,2020
78,Joique Bell,BellJo01,RB,2010,2016
79,Le'Veon Bell,BellLe00,RB,2013,2020
80,Josh Bellamy,BellJo02,WR,2012,2019
81,LeVante Bellamy,BellLe02,RB,2020,2020
82,Kelvin Benjamin,BenjKe00,WR,2014,2018
83,Travis Benjamin,BenjTr00,WR,2012,2019
84,Arrelious Benn,BennAr00,WR,2010,2017
85,Martellus Bennett ,BennMa00,TE,2008,2017
86,Giovani Bernard,BernGi00,RB,2013,2020
87,Braxton Berrios,BerrBr00,WR,2019,2020
88,Rashod Berry,BerrRa01,TE,2020,2020
89,Brenton Bersin,BersBr00,WR,2014,2017
90,E.J. Bibbs,BibbE.00,TE,2015,2015
91,Kapri Bibbs,BibbKa00,RB,2014,2018
92,Jace Billingsley,BillJa00,WR,2017,2017
93,Saeed Blacknall,BlacSa00,WR,2018,2018
94,Christian Blake,BlakCh00,WR,2019,2020
95,Rodrigo Blankenship ,BlanRo03,K,2020,2020
96,Kendall Blanton,BlanKe01,TE,2019,2019
97,Khari Blasingame,BlasKh00,RB,2019,2020
98,David Blough,BlouDa00,QB,2019,2020
99,LeGarrette Blount,BlouLe00,RB,2010,2018
100,Alfred Blue,BlueAl00,RB,2014,2018
101,C.J. Board,BoarC.00,WR,2019,2020
102,Tommy Bohanon,BohaTo00,RB,2013,2018
103,Brandon Bolden,BoldBr00,RB,2012,2019
104,Victor Bolden,BoldVi00,WR,2017,2018
105,Anquan Boldin,BoldAn00,WR,2003,2016
106,Reggie Bonnafon,BonnRe00,RB,2019,2020
107,Devontae Booker,BookDe00,RB,2016,2020
108,Mike Boone,BoonMi00,RB,2018,2020
109,Blake Bortles ,BortBl00,QB,2014,2019
110,Brandon Bostick,BostBr00,TE,2012,2016
111,Chris Boswell,BoswCh00,K,2015,2020
112,Kendrick Bourne,BourKe00,WR,2017,2020
113,Lynn Bowden Jr.,BowdLy00,WR,2020,2020
114,Dwayne Bowe,BoweDw00,WR,2007,2015
115,Braedon Bowman,BowmBr00,TE,2016,2016
116,Tyler Boyd,BoydTy00,WR,2016,2020
117,Miles Boykin,BoykMi00,WR,2019,2020
118,Trevone Boykin,BoykTr00,QB,2016,2016
119,Nick Boyle,BoylNi00,TE,2015,2020
120,Tim Boyle,BoylTi00,QB,2019,2020
121,Allen Bradford,BradAl00,RB,2011,2015
122,Sam Bradford ,BradSa00,QB,2010,2018
123,Ja'Marcus Bradley,BradJa01,WR,2020,2020
124,Ahmad Bradshaw,BradAh00,RB,2007,2015
125,Darius Bradwell,BradDa00,RB,2020,2020
126,Tom Brady ,BradTo00,QB,2000,2020
127,Cameron Brate,BratCa00,TE,2014,2020
128,Ben Braunecker ,BrauBe00,TE,2016,2019
129,Daniel Braverman,BravDa00,WR,2016,2016
130,Quan Bray,BrayQu00,WR,2015,2017
131,Tyler Bray,BrayTy00,QB,2014,2020
132,Drew Brees,BreeDr00,QB,2001,2020
133,Matt Breida,BreiMa00,RB,2017,2020
134,K.J. Brent,BrenK.00,WR,2017,2017
135,Teddy Bridgewater,BridTe00,QB,2014,2020
136,Kyle Brindza,BrinKy00,K,2015,2015
137,Jacoby Brissett,BrisJa00,QB,2016,2020
138,Kenny Britt,BritKe00,WR,2009,2017
139,Richie Brockel ,BrocRi00,TE,2011,2015
140,Tony Brooks-James,BrooTo01,RB,2019,2020
141,A.J. Brown,BrowAJ00,WR,2019,2020
142,Antonio Brown ,BrowAn04,WR,2010,2020
143,Bryce Brown,BrowBr02,RB,2012,2015
144,Corey Brown,BrowPh00,WR,2014,2016
145,Daniel Brown,BrowDa04,TE,2015,2020
146,Donald Brown,BrowDo00,RB,2009,2015
147,Fred Brown,BrowFr01,WR,2019,2020
148,Jaron Brown,BrowJa03,WR,2013,2019
149,John Brown,BrowJo02,WR,2014,2020
150,Jonathan Brown,BrowJo03,K,2020,2020
151,Josh Brown ,brownjos01,K,2003,2016
152,Mack Brown,BrowMa02,RB,2016,2017
153,Malcolm Brown ,BrowMa03,RB,2015,2020
154,Marlon Brown,BrowMa00,WR,2013,2015
155,Marquise Brown ,BrowMa04,WR,2019,2020
156,Noah Brown,BrowNo00,WR,2017,2020
157,Pharaoh Brown,BrowPh01,TE,2017,2020
158,Tony Brown,BrowTo03,WR,2020,2020
159,Vincent Brown,BrowVi00,WR,2011,2015
160,Dez Bryant,BryaDe01,WR,2010,2020
161,Harrison Bryant,BryaHa00,TE,2020,2020
162,Hunter Bryant,BryaHu02,TE,2020,2020
163,Martavis Bryant,BryaMa00,WR,2014,2018
164,Matt Bryant,bryanmat01,K,2002,2019
165,Ventell Bryant ,BryaVe00,WR,2019,2019
166,Randy Bullock,BullRa00,K,2012,2020
167,Marquis Bundy,BundMa00,WR,2017,2017
168,Aaron Burbridge,BurbAa00,WR,2016,2016
169,Rex Burkhead ,BurkRe00,RB,2013,2020
170,Brandon Burks,BurkBr00,RB,2016,2016
171,Deontay Burnett,BurnDe00,WR,2018,2020
172,Joe Burrow ,BurrJo01,QB,2020,2020
173,Isaiah Burse,BursIs01,WR,2014,2016
174,Deante Burton,BurtDe00,WR,2018,2020
175,Michael Burton,BurtMi00,RB,2015,2020
176,Trey Burton,BurtTr01,TE,2014,2020
177,Reggie Bush,BushRe00,RB,2006,2016
178,Harrison Butker,ButkHa00,K,2017,2020
179,Brice Butler,ButlBr00,WR,2013,2018
180,Hakeem Butler,ButlHa00,WR,2020,2020
181,Jeremy Butler,ButlJe01,WR,2014,2016
182,Jake Butt,ButtJa00,TE,2018,2020
183,Damiere Byrd ,ByrdDa00,WR,2016,2020
184,Emanuel Byrd,ByrdEm00,TE,2017,2017
185,Travaris Cadet,CadeTr00,RB,2012,2018
186,Lawrence Cager,CageLa01,WR,2020,2020
187,Deon Cain,CainDe00,WR,2019,2020
188,Raymond Calais,CalaRa00,RB,2020,2020
189,Andre Caldwell,CaldAn00,WR,2008,2015
190,Joe Callahan,CallJo00,QB,2017,2017
191,Antonio Callaway,CallAn00,WR,2018,2020
192,Marquez Callaway,CallMa01,WR,2020,2020
193,Jordan Cameron,CameJo00,TE,2011,2016
194,Michael Campanaro,CampMi02,WR,2014,2017
195,Parris Campbell,CampPa00,WR,2019,2020
196,Trenton Cannon,CannTr00,RB,2018,2020
197,Ka'Deem Carey,CareKa00,RB,2014,2016
198,Daniel Carlson,CarlDa00,K,2018,2020
199,Stephen Carlson,CarlSt00,TE,2019,2020
200,Dan Carpenter,CarpDa44,K,2008,2016
201,Austin Carr,CarrAu00,WR,2017,2020
202,Derek Carr ,CarrDe02,QB,2014,2020
203,Derek Carrier,CarrDe00,WR,2012,2020
204,Leonte Carroo,CarrLe00,WR,2016,2018
205,Chris Carson,CarsCh00,RB,2017,2020
206,Tra Carson,CarsTr01,RB,2018,2019
207,Cethan Carter ,CartCe00,TE,2017,2020
208,DeAndre Carter ,CartDe02,WR,2018,2020
209,Kyle Carter ,CartKy01,TE,2017,2017
210,James Casey,CaseJa00,TE,2009,2015
211,Matt Cassel,CassMa00,QB,2005,2018
212,Sergio Castillo,CastSe00,K,2020,2020
213,Chandler Catanzaro,CataCh00,K,2014,2018
214,Brent Celek,CeleBr00,TE,2007,2017
215,Garrett Celek,CeleGa00,TE,2012,2019
216,Quintez Cephus,CephQu00,WR,2020,2020
217,Scott Chandler,ChanSc00,TE,2007,2015
218,DJ Chark,CharDJ00,WR,2018,2020
219,Jamaal Charles,CharJa00,RB,2008,2018
220,Orson Charles,CharOr00,TE,2012,2018
221,Jehu Chesson,ChesJe00,WR,2017,2018
222,Dan Chisena,ChisDa00,WR,2020,2020
223,Gerald Christian,ChriGe00,TE,2016,2016
224,Nick Chubb,ChubNi00,RB,2018,2020
225,Jordan Chunn,ChunJo00,RB,2019,2019
226,Michael Clark,ClarMi00,WR,2017,2017
227,Jimmy Clausen,ClauJi00,QB,2010,2015
228,Charles Clay,ClayCh00,TE,2011,2019
229,Kaelin Clay,ClayKa00,WR,2015,2018
230,Chase Claypool ,ClayCh01,WR,2020,2020
231,Kellen Clemens,ClemKe00,QB,2006,2017
232,Corey Clement,ClemCo00,RB,2017,2020
233,Asante Cleveland,ClevAs00,TE,2014,2016
234,Tyrie Cleveland,ClevTy00,WR,2020,2020
235,Tyler Clutts,ClutTy00,RB,2011,2015
236,Sammie Coates,CoatSa00,WR,2015,2018
237,David Cobb,CobbDa00,RB,2015,2015
238,Randall Cobb,CobbRa00,WR,2011,2020
239,Chase Coffman ,CoffCh00,TE,2010,2016
240,Tarik Cohen,CoheTa00,RB,2017,2020
241,Keelan Cole,ColeKe00,WR,2017,2020
242,Matt Cole,ColeMa03,WR,2020,2020
243,Brandon Coleman,ColeBr00,WR,2014,2017
244,Corey Coleman,ColeCo00,WR,2016,2018
245,Derrick Coleman,ColeDe00,RB,2012,2018
246,Lavon Coleman,ColeLa02,RB,2018,2018
247,Tevin Coleman,ColeTe01,RB,2015,2020
248,Stacy Coley,ColeSt00,WR,2017,2018
249,Alex Collins,CollAl00,RB,2016,2020
250,Marques Colston,ColsMa00,WR,2006,2015
251,Tyler Conklin,ConkTy00,TE,2018,2020
252,Chris Conley,ConlCh00,WR,2015,2020
253,James Conner,ConnJa00,RB,2017,2020
254,Connor Cook,CookCo00,QB,2016,2016
255,Dalvin Cook,CookDa01,RB,2017,2020
256,Jared Cook,CookJa02,TE,2009,2020
257,Brandin Cooks,CookBr00,WR,2014,2020
258,Travis Coons,CoonTr00,K,2015,2017
259,Amari Cooper,CoopAm00,WR,2015,2020
260,Pharoh Cooper,CoopPh00,WR,2016,2020
261,Riley Cooper,CoopRi00,WR,2010,2015
262,Cody Core,CoreCo00,WR,2016,2019
263,Jerricho Cotchery,CotcJe00,WR,2004,2015
264,Nathan Cottrell,CottNa00,RB,2020,2020
265,Isaiah Coulter,CoulIs00,WR,2020,2020
266,Kirk Cousins ,CousKi00,QB,2012,2020
267,Keke Coutee,CoutKe00,WR,2018,2020
268,Chandler Cox,CoxxCh01,RB,2019,2020
269,Jeremy Cox,CoxxJe00,RB,2020,2020
270,Michael Crabtree,CrabMi00,WR,2009,2019
271,River Cracraft,CracRi00,WR,2018,2020
272,John Crockett,CrocJo00,RB,2015,2015
273,Jason Croom,CrooJa00,TE,2018,2020
274,Mason Crosby,CrosMa20,K,2007,2020
275,Alan Cross,CrosAl00,TE,2016,2018
276,Jamison Crowder,CrowJa00,WR,2015,2020
277,Isaiah Crowell,CrowIs00,RB,2014,2018
278,Victor Cruz,CruzVi00,WR,2010,2016
279,Sean Culkin,CulkSe00,TE,2017,2020
280,Jeff Cumberland,CumbJe00,TE,2010,2017
281,Billy Cundiff,cundibil01,K,2002,2015
282,Benny Cunningham,CunnBe01,RB,2013,2018
283,Jerome Cunningham,CunnJe00,TE,2014,2019
284,Justice Cunningham,CunnJu00,TE,2013,2015
285,Jay Cutler ,CutlJa00,QB,2006,2017
286,Dominique Dafney,DafnDo00,TE,2020,2020
287,DeeJay Dallas,DallDe00,RB,2020,2020
288,Andy Dalton,DaltAn00,QB,2011,2020
289,Chase Daniel,DaniCh00,QB,2010,2020
290,B.J. Daniels,DaniB.00,QB,2014,2015
291,Darrell Daniels,DaniDa02,TE,2017,2020
292,LeShun Daniels,DaniLe00,RB,2017,2017
293,Owen Daniels,DaniOw00,TE,2006,2015
294,Amara Darboh,DarbAm00,WR,2017,2017
295,Orleans Darkwa,DarkOr00,RB,2014,2017
296,Sam Darnold ,DarnSa00,QB,2018,2020
297,Austin Davis ,DaviAu00,QB,2012,2017
298,Corey Davis ,DaviCo03,WR,2017,2020
299,Davion Davis,DaviDa03,WR,2019,2019
300,Gabriel Davis,DaviGa01,WR,2020,2020
301,Geremy Davis ,DaviGe00,WR,2015,2019
302,Jawill Davis,DaviJa07,WR,2018,2018
303,Justin Davis,DaviJu00,RB,2017,2018
304,Kellen Davis,DaviKe01,TE,2008,2016
305,Knile Davis ,DaviKn00,RB,2013,2016
306,Mike Davis ,DaviMi01,RB,2015,2020
307,Rashard Davis,DaviRa01,WR,2019,2019
308,Robert Davis,DaviRo00,WR,2017,2019
309,Trevor Davis,DaviTr03,WR,2016,2019
310,Tyler Davis ,DaviTy02,TE,2020,2020
311,Vernon Davis ,DaviVe00,TE,2006,2019
312,Dalyn Dawkins,DawkDa01,RB,2018,2019
313,Phil Dawson,dawsophi01,K,1999,2018
314,Matthew Dayes,DayeMa00,RB,2017,2018
315,Eric Decker,DeckEr00,WR,2010,2017
316,Josiah Deguara ,DeguJo00,TE,2020,2020
317,Anthony Denham,DenhAn00,TE,2014,2015
318,A.J. Derby,DerbA.00,TE,2016,2018
319,Seth Devalve,DevaSe00,TE,2016,2020
320,James Develin,DeveJa00,RB,2012,2019
321,Garrett Dickerson,DickGa00,TE,2018,2019
322,Ed Dickson,DickEd00,TE,2010,2018
323,Gehrig Dieter ,DietGe00,WR,2018,2020
324,Stefon Diggs,DiggSt00,WR,2015,2020
325,AJ Dillon,DillAJ00,RB,2020,2020
326,Brandon Dillon,DillBr00,TE,2019,2020
327,Patrick DiMarco,DiMaPa00,RB,2012,2019
328,Ben DiNucci,DiNuBe00,QB,2020,2020
329,Will Dissly,DissWi00,TE,2018,2020
330,Anthony Dixon,DixoAn00,RB,2010,2015
331,Kenneth Dixon,DixoKe00,RB,2016,2018
332,J.K. Dobbins ,DobbJK00,RB,2020,2020
333,Joshua Dobbs ,DobbJo00,QB,2018,2020
334,Aaron Dobson,DobsAa00,WR,2013,2015
335,Josh Doctson,DoctJo00,WR,2016,2019
336,Larry Donnell,DonnLa00,TE,2012,2016
337,Phillip Dorsett,DorsPh00,WR,2015,2019
338,Greg Dortch,DortGr01,WR,2019,2019
339,Keelan Doss,DossKe00,WR,2019,2020
340,Harry Douglas,DougHa00,WR,2008,2017
341,Rico Dowdle,DowdRi01,RB,2020,2020
342,Jack Doyle,DoylJa00,TE,2013,2020
343,Kenyan Drake,DrakKe00,RB,2016,2020
344,Shaun Draughn,DrauSh00,RB,2011,2016
345,Jim Dray,DrayJi00,TE,2010,2017
346,Jeff Driskel,DrisJe00,QB,2018,2020
347,Thomas Duarte,DuarTh00,WR,2016,2016
348,Ashton Dulin,DuliAs00,WR,2019,2020
349,Lance Dunbar,DunbLa00,RB,2012,2017
350,Steven Dunbar,DunbSt00,WR,2018,2018
351,Malachi Dupre,DuprMa01,WR,2018,2018
352,Devin Duvernay ,DuveDe00,WR,2020,2020
353,Ross Dwelley,DwelRo00,TE,2018,2020
354,Donteea Dye,DyexDo00,WR,2015,2016
355,Ed Eagan,EagaEd00,WR,2017,2017
356,Marcus Easley,EaslMa00,WR,2012,2015
357,Eric Ebron,EbroEr00,TE,2014,2020
358,Julian Edelman,EdelJu00,WR,2009,2020
359,Chase Edmonds,EdmoCh00,RB,2018,2020
360,Trey Edmunds,EdmuTr00,RB,2017,2020
361,Ben Edwards,EdwaBe00,WR,2015,2015
362,Bryan Edwards ,EdwaBr01,WR,2020,2020
363,Gus Edwards ,EdwaGu00,RB,2018,2020
364,Clyde Edwards-Helaire ,EdwaCl00,RB,2020,2020
365,Tyler Eifert,EifeTy00,TE,2013,2020
366,Austin Ekeler,EkelAu00,RB,2017,2020
367,Ben Ellefson,ElleBe00,TE,2020,2020
368,Andre Ellington,ElliAn00,RB,2013,2017
369,Bruce Ellington,ElliBr00,WR,2014,2018
370,Ezekiel Elliott,ElliEz00,RB,2016,2020
371,Jake Elliott,ElliJa03,K,2017,2020
372,Alex Ellis,ElliAl01,TE,2016,2019
373,Rhett Ellison,ElliRh00,RB,2012,2019
374,Evan Engram ,EngrEv00,TE,2017,2020
375,Quincy Enunwa,EnunQu00,WR,2014,2019
376,Alex Erickson ,EricAl01,WR,2016,2020
377,Donnie Ernsberger,ErnsDo00,TE,2018,2018
378,Zach Ertz,ErtzZa00,TE,2013,2020
379,Tyler Ervin ,ErviTy00,RB,2016,2020
380,Gavin Escobar ,EscoGa00,TE,2013,2017
381,Darrynton Evans ,EvanDa02,RB,2020,2020
382,Mike Evans,EvanMi00,WR,2014,2020
383,Gerald Everett,EverGe00,TE,2017,2020
384,Ka'imi Fairbairn,FairKa01,K,2017,2020
385,David Fales,FaleDa00,QB,2014,2019
386,Luke Falk,FalkLu00,QB,2019,2019
387,Noah Fant,FantNo00,TE,2019,2020
388,George Farmer,FarmGe02,RB,2016,2016
389,Kenneth Farrow,FarrKe02,RB,2016,2016
390,Anthony Fasano,FasaAn00,TE,2006,2017
391,Daniel Fells,FellDa00,TE,2008,2015
392,Darren Fells,FellDa01,TE,2014,2020
393,Jerome Felton,FeltJe00,RB,2008,2016
394,Josh Ferguson,FergJo02,RB,2016,2019
395,Sam Ficken,FickSa00,K,2017,2020
396,C.J. Fiedorowicz,FiedC.00,TE,2014,2017
397,Ryan Finley,FinlRy00,QB,2019,2020
398,Anthony Firkser,FirkAn00,TE,2018,2020
399,Larry Fitzgerald,FitzLa00,WR,2004,2020
400,Ryan Fitzpatrick,FitzRy00,QB,2005,2020
401,Joe Flacco,FlacJo00,QB,2008,2020
402,Matt Flanagan,FlanMa00,TE,2018,2018
403,Coby Fleener ,FleeCo00,TE,2012,2017
404,Malcom Floyd ,FloyMa00,WR,2004,2015
405,Michael Floyd ,FloyMi00,WR,2012,2018
406,David Fluellen,FlueDa00,RB,2017,2019
407,Nick Foles,FoleNi00,QB,2012,2020
408,Nick Folk,FolkNi20,K,2007,2020
409,Kai Forbath,ForbKa00,K,2012,2020
410,Isaiah Ford,FordIs00,WR,2018,2020
411,Keith Ford,FordKe00,RB,2018,2018
412,D'Onta Foreman,ForeDO00,RB,2017,2020
413,Justin Forsett,ForsJu00,RB,2008,2016
414,Matt Forte ,FortMa00,RB,2008,2017
415,Arian Foster ,FostAr00,RB,2009,2016
416,D.J. Foster ,FostD.01,RB,2016,2020
417,Robert Foster,FostRo01,WR,2018,2020
418,Daurice Fountain,FounDa00,WR,2018,2020
419,Leonard Fournette ,FourLe00,RB,2017,2020
420,Bennie Fowler,FowlBe00,WR,2014,2020
421,Jalston Fowler,FowlJa00,RB,2015,2017
422,Andrew Franks,FranAn01,K,2015,2016
423,Jordan Franks,FranJo03,RB,2018,2018
424,Mose Frazier,FrazMo00,WR,2017,2018
425,Devonta Freeman ,FreeDe00,RB,2014,2020
426,Josh Freeman ,FreeJo00,QB,2009,2015
427,Royce Freeman,FreeRo00,RB,2018,2020
428,Isaac Fruechte,FrueIs00,WR,2016,2016
429,Elliott Fry,FryxEl01,K,2020,2020
430,Travis Fulgham,FulgTr00,WR,2019,2020
431,Corey Fuller,FullCo00,WR,2014,2015
432,Will Fuller,FullWi01,WR,2016,2020
433,Troy Fumagalli,FumaTr00,TE,2019,2020
434,Devin Funchess,FuncDe00,WR,2015,2019
435,Blaine Gabbert,GabbBl00,QB,2011,2020
436,Taylor Gabriel,GabrTa00,WR,2014,2019
437,Rico Gafford,GaffRi00,WR,2018,2020
438,Russell Gage,GageRu00,WR,2018,2020
439,Wayne Gallman,GallWa00,RB,2017,2020
440,Michael Gallup,GallMi00,WR,2018,2020
441,Antonio Gandy-Golden,GandAn00,WR,2020,2020
442,Graham Gano,GanoGr44,K,2009,2020
443,Pierre Garcon,GarcPi00,WR,2008,2018
444,Manasseh Garner,GarnMa00,TE,2016,2016
445,Jimmy Garoppolo,GaroJi00,QB,2014,2020
446,Myles Gaskin,GaskMy00,RB,2019,2020
447,Kendall Gaskins,GaskKe00,RB,2014,2015
448,Antonio Gates,GateAn00,TE,2003,2018
449,Rico Gathers,GathRi00,TE,2018,2018
450,Matt Gay,GayxMa00,K,2019,2020
451,Tanner Gentry,GentTa00,WR,2017,2017
452,Zach Gentry,GentZa00,TE,2019,2020
453,Toby Gerhart ,GerhTo00,RB,2010,2015
454,Mike Gesicki,GesiMi00,TE,2018,2020
455,Antonio Gibson ,GibsAn00,RB,2020,2020
456,Shelton Gibson ,GibsSh00,WR,2017,2018
457,Garrett Gilbert,GilbGa01,QB,2014,2020
458,Cullen Gillaspia,GillCu00,RB,2019,2020
459,Reggie Gilliam,GillRe00,TE,2020,2020
460,Mike Gillislee ,GillMi00,RB,2013,2018
461,Crockett Gillmore,GillCr00,TE,2014,2016
462,Ted Ginn Jr.,GinnTe00,WR,2007,2020
463,Chris Givens,GiveCh00,WR,2012,2015
464,Mike Glennon,GlenMi00,QB,2013,2020
465,Chris Godwin,GodwCh00,WR,2017,2020
466,Terry Godwin,GodwTe00,WR,2020,2020
467,Dallas Goedert,GoedDa00,TE,2018,2020
468,Jared Goff,GoffJa00,QB,2016,2020
469,Brittan Golden,GoldBr00,WR,2012,2017
470,Kenny Golladay,GollKe00,WR,2017,2020
471,Zane Gonzalez,GonzZa00,K,2017,2020
472,C.J. Goodwin,GoodC.00,WR,2014,2020
473,Marquise Goodwin,GoodMa00,WR,2013,2019
474,Josh Gordon,GordJo02,WR,2012,2019
475,Melvin Gordon,GordMe00,RB,2015,2020
476,Richard Gordon,GordRi00,TE,2011,2015
477,Frank Gore,GoreFr00,RB,2005,2020
478,Stephen Gostkowski,GostSt20,K,2006,2020
479,Robbie Gould,gouldrob01,K,2005,2020
480,Chris Gragg ,GragCh00,TE,2013,2015
481,Garrett Graham,GrahGa00,TE,2010,2015
482,Jaeden Graham,GrahJa01,TE,2019,2020
483,Jimmy Graham,GrahJi00,TE,2010,2020
484,Shayne Graham,grahasha01,K,2001,2015
485,T.J. Graham,GrahT.00,WR,2012,2015
486,Corey Grant,GranCo00,RB,2015,2018
487,Jakeem Grant,GranJa00,WR,2016,2020
488,Janarion Grant,GranJa01,WR,2018,2018
489,Ryan Grant,GranRy01,WR,2014,2019
490,Jonas Gray,GrayJo00,RB,2012,2015
491,MarQueis Gray,GrayMa00,TE,2013,2017
492,Cyril Grayson,GrayCy01,WR,2019,2020
493,Garrett Grayson,GrayGa00,QB,2015,2015
494,A.J. Green,GreeA.00,WR,2011,2020
495,Aaron Green,GreeAa01,RB,2016,2016
496,Farrod Green,GreeFa00,TE,2020,2020
497,Ladarius Green,GreeLa00,TE,2012,2016
498,Tion Green,GreeTi00,RB,2017,2017
499,Virgil Green,GreeVi00,TE,2011,2020
500,Dorial Green-Beckham,GreeDo00,WR,2015,2016
501,Rashad Greene,GreeRa00,WR,2015,2018
502,Jermaine Gresham,GresJe00,TE,2010,2018
503,Will Grier,GrieWi00,QB,2019,2019
504,Garrett Griffin,GrifGa00,TE,2017,2020
505,Robert Griffin III,GrifRo01,QB,2012,2020
506,Ryan Griffin,GrifRy00,TE,2013,2020
507,Ryan Griffin,GrifRy01,QB,2014,2019
508,Xavier Grimble,GrimXa00,TE,2014,2019
509,Jonathan Grimes,GrimJo01,RB,2012,2016
510,David Grinnage,GrinDa00,TE,2018,2018
511,Glenn Gronkowski,GronGl01,RB,2016,2016
512,Rob Gronkowski ,GronRo00,TE,2010,2020
513,Derrius Guice,GuicDe00,RB,2019,2019
514,Todd Gurley,GurlTo01,RB,2015,2020
515,Jalen Guyton,GuytJa01,WR,2019,2020
516,Saalim Hakim,HakiSa00,WR,2012,2015
517,Marvin Hall,HallMa02,WR,2017,2020
518,Rannell Hall,HallRa02,WR,2015,2015
519,C.J. Ham,HamxC.00,RB,2017,2020
520,Cobi Hamilton,HamiCo00,WR,2014,2017
521,DaeSean Hamilton,HamiDa01,WR,2018,2020
522,KJ Hamler ,HamlKJ00,WR,2020,2020
523,Connor Hamlett,HamlCo01,TE,2016,2016
524,Je'Ron Hamm,HammJe01,TE,2014,2016
525,Frankie Hammond ,HammFr00,WR,2014,2015
526,Leonard Hankerson,HankLe00,WR,2011,2015
527,James Hanna,HannJa00,TE,2012,2017
528,Russell Hansbrough,HansRu00,RB,2016,2016
529,Chad Hansen,HansCh00,WR,2017,2020
530,Clay Harbor,HarbCl00,TE,2010,2016
531,Justin Hardee,HardJu01,WR,2017,2020
532,Mecole Hardman,HardMe00,WR,2019,2020
533,Justin Hardy ,HardJu00,WR,2015,2019
534,Cory Harkey,HarkCo00,TE,2012,2016
535,Kelvin Harmon,HarmKe00,WR,2019,2019
536,Chris Harper,HarpCh01,WR,2015,2016
537,Alonzo Harris,HarrAl00,RB,2015,2015
538,Clark Harris,HarrCl20,TE,2008,2020
539,Damien Harris ,HarrDa06,RB,2019,2020
540,De'Michael Harris,HarrDe11,WR,2020,2020
541,Demetrius Harris,HarrDe03,TE,2014,2020
542,Deonte Harris,HarrDe07,WR,2019,2020
543,DuJuan Harris,HarrDu01,RB,2011,2016
544,Dwayne Harris,HarrDw00,WR,2011,2020
545,Maurice Harris,HarrMa05,WR,2016,2018
546,N'Keal Harry ,HarrNK00,WR,2019,2020
547,Penny Hart,HartPe01,WR,2020,2020
548,Brian Hartline ,HartBr00,WR,2009,2015
549,Percy Harvin,HarvPe00,WR,2009,2016
550,Dwayne Haskins ,HaskDw00,QB,2019,2020
551,Matt Hasselbeck ,HassMa00,QB,1999,2015
552,Jamycal Hasty,HastJa02,RB,2020,2020
553,Keon Hatcher,HatcKe00,WR,2018,2018
554,Stephen Hauschka,HausSt00,K,2008,2020
555,Andrew Hawkins,HawkAn00,WR,2011,2016
556,Jarryd Hayne,HaynJa00,RB,2015,2015
557,Matt Hazel,HazeMa01,WR,2014,2017
558,Taylor Heinicke,HeinTa00,QB,2017,2020
559,Cooper Helfet ,HelfCo00,TE,2012,2015
560,Daniel Helm,HelmDa01,TE,2020,2020
561,Roy Helu,HeluRo00,RB,2011,2015
562,Temarrick Hemingway,HemiTe00,TE,2016,2020
563,Darrell Henderson,HendDa00,RB,2019,2020
564,De'Angelo Henderson,HendDe01,RB,2017,2018
565,Quadree Henderson,HendQu00,WR,2018,2018
566,Chad Henne,HennCh01,QB,2008,2020
567,Derrick Henry ,HenrDe00,RB,2016,2020
568,Hunter Henry ,HenrHu00,TE,2016,2020
569,Mitchell Henry,HenrMi00,TE,2015,2015
570,Hale Hentges,HentHa00,TE,2019,2020
571,Justin Herbert ,HerbJu00,QB,2020,2020
572,Chris Herndon,HernCh00,TE,2018,2020
573,Javontee Herndon,HernJa00,WR,2014,2015
574,Dan Herron,HerrDa00,RB,2012,2015
575,Jeff Heuerman,HeueJe00,TE,2016,2019
576,Ryan Hewitt,HewiRy00,RB,2014,2018
577,Darrius Heyward-Bey,HeywDa00,WR,2009,2018
578,Tyler Higbee,HigbTy00,TE,2016,2020
579,Rashard Higgins,HiggRa00,WR,2016,2020
580,Tee Higgins ,HiggTe00,WR,2020,2020
581,John Hightower,HighJo00,WR,2020,2020
582,Tim Hightower,HighTi00,RB,2008,2016
583,Cole Hikutini,HikuCo00,TE,2017,2017
584,Brian Hill,HillBr02,RB,2017,2020
585,Bronson Hill,HillBr01,RB,2016,2017
586,Jeremy Hill,HillJe01,RB,2014,2018
587,Josh Hill,HillJo02,TE,2013,2020
588,Justice Hill,HillJu00,RB,2019,2020
589,K.J. Hill,HillKJ00,WR,2020,2020
590,Shaun Hill,HillSh00,QB,2005,2016
591,Taysom Hill,HillTa00,QB,2017,2020
592,Tyreek Hill,HillTy00,WR,2016,2020
593,Dontrell Hilliard,HillDo00,RB,2018,2020
594,Jon Hilliman,HillJo03,RB,2019,2019
595,Ronnie Hillman,HillRo00,RB,2012,2016
596,Wes Hills,HillWe00,RB,2019,2019
597,T.Y. Hilton,HiltT.00,WR,2012,2020
598,Nyheim Hines,HineNy00,RB,2018,2020
599,Kendall Hinton,HintKe00,WR,2020,2020
600,T.J. Hockenson ,HockTJ00,TE,2019,2020
601,Zach Hocker,HockZa00,K,2015,2015
602,KhaDarel Hodge,HodgKh00,WR,2018,2020
603,Devlin Hodges ,HodgDe00,QB,2019,2019
604,Chris Hogan ,HogaCh00,WR,2012,2020
605,Kevin Hogan ,HogaKe00,QB,2016,2017
606,Krishawn Hogan,HogaKr00,WR,2017,2019
607,Alexander Hollins,HollAl00,WR,2019,2019
608,Mack Hollins,HollMa00,WR,2017,2020
609,Cody Hollister ,HollCo00,WR,2019,2020
610,Jacob Hollister,HollJa03,TE,2017,2020
611,Andre Holmes,HolmAn00,WR,2012,2018
612,Gabe Holmes,HolmGa00,TE,2017,2018
613,Johnny Holton,HoltJo00,WR,2016,2020
614,J.P. Holtz,HoltJ.01,TE,2019,2020
615,Travis Homer,HomeTr00,RB,2019,2020
616,Elijah Hood,HoodEl00,RB,2017,2017
617,Michael Hoomanawanui,HoomMi00,TE,2010,2017
618,Austin Hooper,HoopAu00,TE,2016,2020
619,Brycen Hopkins,HopkBr01,TE,2020,2020
620,DeAndre Hopkins,HopkDe00,WR,2013,2020
621,Dustin Hopkins ,HopkDu00,K,2014,2020
622,Jesper Horsted,HorsJe00,WR,2019,2019
623,Rob Housler,HousRo01,TE,2011,2015
624,Jordan Howard,HowaJo00,RB,2016,2020
625,O.J. Howard ,HowaO.00,TE,2017,2020
626,Buddy Howell ,HoweGr00,RB,2018,2020
627,Julian Howsare,HowsJu00,RB,2016,2016
628,Brian Hoyer ,HoyeBr00,QB,2009,2020
629,Tanner Hudson,HudsTa00,TE,2019,2020
630,Josh Huff,HuffJo00,WR,2014,2016
631,Lil'Jordan Humphrey,HumpLi01,WR,2019,2020
632,Adam Humphries,HumpAd00,WR,2015,2020
633,Brett Hundley,HundBr00,QB,2016,2019
634,Akeem Hunt,HuntAk01,RB,2015,2017
635,Kareem Hunt,HuntKa00,RB,2017,2020
636,Justin Hunter,HuntJu00,WR,2013,2018
637,Kendall Hunter,HuntKe00,RB,2011,2015
638,Jason Huntley,HuntJa01,RB,2020,2020
639,Tyler Huntley,HuntTy01,QB,2020,2020
640,Allen Hurns,HurnAl01,WR,2014,2019
641,Hayden Hurst,HursHa00,TE,2018,2020
642,Jalen Hurts ,HurtJa00,QB,2020,2020
643,Carlos Hyde,HydeCa00,RB,2014,2020
644,Ishmael Hyman,HymaIs00,WR,2019,2019
645,Alec Ingold,IngoAl01,RB,2019,2020
646,Mark Ingram,IngrMa01,RB,2011,2020
647,Dontrelle Inman,InmaDo00,WR,2014,2020
648,Joey Iosefa,IoseJo00,RB,2015,2015
649,Trenton Irwin,IrwiTr00,WR,2019,2020
650,Andy Isabella,IsabAn00,WR,2019,2020
651,Chris Ivory,IvorCh00,RB,2010,2018
652,Ryan Izzo,IzzoRy00,TE,2019,2020
653,Darius Jackson,JackDa01,RB,2018,2018
654,DeSean Jackson,JackDe00,WR,2008,2020
655,Don Jackson,JackDo01,RB,2016,2016
656,Fred Jackson,JackFr02,RB,2007,2015
657,Justin Jackson ,JackJu01,RB,2018,2020
658,Lamar Jackson,JackLa00,QB,2018,2020
659,Steven Jackson,JackSt00,RB,2004,2015
660,Tarvaris Jackson ,JackTa00,QB,2006,2015
661,Vincent Jackson,JackVi00,WR,2005,2016
662,Josh Jacobs,JacoJo01,RB,2019,2020
663,Nic Jacobs,JacoNi00,TE,2014,2015
664,Jesse James,JameJe00,TE,2015,2020
665,LaMichael James,JameLa00,RB,2012,2015
666,Mike James ,JameMi00,RB,2013,2016
667,Richie James,JameRi00,WR,2018,2020
668,Sebastian Janikowski,janikseb01,K,2000,2018
669,Jeff Janis,JaniJe00,WR,2014,2017
670,Andy Janovich,JanoAn00,RB,2016,2020
671,Blake Jarwin,JarwBl00,TE,2017,2020
672,Justin Jefferson ,JeffJu00,WR,2020,2020
673,Van Jefferson ,JeffVa00,WR,2020,2020
674,Alshon Jeffery,JeffAl00,WR,2012,2020
675,Darius Jennings,JennDa00,WR,2015,2019
676,Gary Jennings Jr,JennGa00,WR,2019,2019
677,Greg Jennings,JennGr00,WR,2006,2015
678,Rashad Jennings,JennRa00,RB,2009,2016
679,Marcel Jensen,JensMa01,TE,2014,2015
680,Jerry Jeudy ,JeudJe00,WR,2020,2020
681,Andre Johnson ,JohnAn02,WR,2003,2016
682,Anthony Johnson,JohnAn05,WR,2016,2016
683,Austin Johnson,JohnAu00,RB,2014,2016
684,Calvin Johnson ,JohnCa00,WR,2007,2015
685,Charles Johnson,JohnCh08,WR,2014,2016
686,Chris Johnson ,JohnCh04,RB,2008,2017
687,Collin Johnson,JohnCo01,WR,2020,2020
688,D'Ernest Johnson,JohnDE04,RB,2019,2020
689,Damaris Johnson,JohnDa04,WR,2012,2015
690,David Johnson ,JohnDa05,TE,2009,2016
691,David Johnson,JohnDa08,RB,2015,2020
692,Diontae Johnson ,JohnDi01,WR,2019,2020
693,Duke Johnson,JohnDu00,RB,2015,2020
694,Jakob Johnson,JohnJa12,RB,2019,2020
695,Josh Johnson,JohnJo05,QB,2009,2018
696,Juwan Johnson,JohnJu02,WR,2020,2020
697,KeeSean Johnson,JohnKe07,WR,2019,2020
698,Kerryon Johnson,JohnKe06,RB,2018,2020
699,Malcolm Johnson,JohnMa06,RB,2015,2016
700,Marcus Johnson,JohnMa07,WR,2017,2020
701,Olabisi Johnson,JohnOl00,WR,2019,2020
702,Steve Johnson,JohnSt00,WR,2008,2015
703,Ty Johnson,JohnTy02,RB,2019,2020
704,Tyler Johnson,JohnTy00,WR,2020,2020
705,Tyron Johnson,JohnTy03,WR,2020,2020
706,Will Johnson,JohnWi00,RB,2012,2015
707,Aaron Jones,JoneAa00,RB,2017,2020
708,Andy Jones,JoneAn01,WR,2017,2018
709,Cardale Jones,JoneCa01,QB,2016,2016
710,Charles Jones,JoneCh10,TE,2019,2019
711,Daniel Jones ,JoneDa05,QB,2019,2020
712,Dominique Jones,JoneDo01,TE,2012,2016
713,Jacoby Jones,JoneJa03,WR,2007,2015
714,James Jones,JoneJa04,WR,2007,2015
715,JJ Jones,JoneJJ00,WR,2018,2018
716,Julio Jones ,JoneJu02,WR,2011,2020
717,Landry Jones,JoneLa02,QB,2013,2017
718,Marvin Jones ,JoneMa02,WR,2012,2020
719,Matt Jones,JoneMa04,RB,2015,2017
720,Ronald Jones II,JoneRo01,RB,2018,2020
721,Seantavius Jones,JoneSe01,WR,2014,2015
722,T.J. Jones,JoneT.00,WR,2014,2019
723,Taiwan Jones,JoneTa00,RB,2011,2020
724,Tevin Jones,JoneTe02,WR,2019,2019
725,Tony Jones,JoneTo04,RB,2020,2020
726,Xavier Jones,JoneXa00,RB,2020,2020
727,Zay Jones ,JoneZa00,WR,2017,2020
728,Greg Joseph,JoseGr00,K,2018,2019
729,Kyle Juszczyk,JuszKy00,RB,2013,2020
730,Colin Kaepernick,KaepCo00,QB,2011,2016
731,Alvin Kamara ,KamaAl00,RB,2017,2020
732,Jermaine Kearse,KearJe01,WR,2012,2018
733,Dalton Keene ,KeenDa00,TE,2020,2020
734,Case Keenum,KeenCa00,QB,2012,2020
735,Nick Keizer,KeizNi00,TE,2020,2020
736,Travis Kelce,KelcTr00,TE,2013,2020
737,Joshua Kelley,KellJo01,RB,2020,2020
738,Robert Kelley ,KellRo00,RB,2016,2018
739,Chad Kelly,KellCh00,QB,2018,2018
740,John Kelly,KellJo00,RB,2018,2019
741,Marcus Kemp,KempMa00,WR,2017,2020
742,Lance Kendricks,KendLa00,TE,2011,2019
743,Tom Kennedy,KennTo01,WR,2019,2019
744,Jeremy Kerley,KerlJe00,WR,2011,2018
745,Joe Kerridge,KerrJo00,RB,2016,2017
746,Cody Kessler,KessCo00,QB,2016,2018
747,Darvin Kidsy,KidsDa00,WR,2018,2019
748,Adrian Killins,KillAd00,RB,2020,2020
749,Tavarres King,KingTa00,WR,2014,2017
750,Christian Kirk,KirkCh01,WR,2018,2020
751,Keith Kirkwood,KirkKe00,WR,2018,2020
752,George Kittle,KittGe00,TE,2017,2020
753,DeShone Kizer ,KizeDe00,QB,2017,2018
754,Cole Kmet ,KmetCo00,TE,2020,2020
755,Dawson Knox,KnoxDa00,TE,2019,2020
756,Marshall Koehn,KoehMa00,K,2017,2017
757,Younghoe Koo,KooxYo00,K,2017,2020
758,Ben Koyack,KoyaBe00,TE,2016,2019
759,Jonathan Krause,KrauJo00,WR,2015,2015
760,Henry Krieger-Coble,KrieHe00,TE,2016,2017
761,Tyler Kroft,KrofTy00,TE,2015,2020
762,John Kuhn,KuhnJo00,RB,2006,2017
763,Jake Kumerow,KumeJa00,WR,2018,2020
764,Cooper Kupp,KuppCo00,WR,2017,2020
765,Matt LaCosse,LaCoMa00,TE,2015,2019
766,Chris Lacy,LacyCh00,WR,2018,2019
767,Eddie Lacy,LacyEd00,RB,2013,2017
768,Brandon LaFell,LaFeBr00,WR,2010,2018
769,Patrick Laird,LairPa00,RB,2019,2020
770,CeeDee Lamb ,LambCe00,WR,2020,2020
771,Josh Lambo,LambJo00,K,2015,2020
772,Jake Lampman,LampJa00,WR,2016,2016
773,Jarvis Landry ,LandJa00,WR,2014,2020
774,Jorvorskie Lane,LaneJo00,RB,2012,2015
775,Jeremy Langford,LangJe00,RB,2015,2018
776,Daniel Lasco,LascDa00,RB,2016,2017
777,Paul Lasike,LasiPa00,RB,2016,2016
778,Cody Latimer,LatiCo00,WR,2014,2019
779,Kyle Lauletta,LaulKy00,QB,2018,2018
780,Allen Lazard,LazaAl00,WR,2018,2020
781,Mike Leach,LeacMi00,TE,2000,2015
782,Javon Leake,LeakJa01,RB,2020,2020
783,Khari Lee ,LeexKh00,TE,2015,2018
784,Marqise Lee ,LeexMa00,WR,2014,2019
785,Jordan Leggett,LeggJo00,TE,2018,2018
786,Matt Lengel,LengMa00,TE,2016,2019
787,Lance Lenoir,LenoLa00,WR,2017,2018
788,Brian Leonhardt,LeonBr01,TE,2014,2015
789,Jordan Leslie,LeslJo00,WR,2017,2017
790,Dezmin Lewis,LewiDe02,WR,2015,2016
791,Dion Lewis,LewiDi00,RB,2011,2020
792,Marcedes Lewis,LewiMa00,TE,2006,2020
793,Roger Lewis,LewiRo03,WR,2016,2017
794,Tommylee Lewis,LewiTo00,WR,2016,2020
795,Ryan Lindley,LindRy00,QB,2012,2015
796,Phillip Lindsay,LindPh00,RB,2018,2020
797,Zach Line ,LineZa01,RB,2013,2019
798,Tony Lippett,LippTo00,WR,2015,2018
799,Drew Lock,LockDr00,QB,2019,2020
800,Tyler Lockett,LockTy00,WR,2015,2020
801,Ricardo Lockette,LockRi00,WR,2011,2015
802,T.J. Logan,LogaT.00,RB,2018,2019
803,Ricardo Louis,LouiRi00,WR,2016,2017
804,John Lovett,LoveJo02,TE,2020,2020
805,Andrew Luck ,LuckAn00,QB,2012,2018
806,Jake Luton,LutoJa00,QB,2020,2020
807,Wil Lutz,LutzWi00,K,2016,2020
808,Marshawn Lynch ,LyncMa00,RB,2007,2019
809,Paxton Lynch ,LyncPa00,QB,2016,2017
810,Austin Mack,MackAu01,WR,2020,2020
811,Marlon Mack,MackMa00,RB,2017,2020
812,Jeremy Maclin,MaclJe00,WR,2009,2017
813,Tre Madden,MaddTr01,RB,2017,2018
814,Terrence Magee,MageTe00,RB,2015,2017
815,Brett Maher,MaheBr01,K,2018,2019
816,Patrick Mahomes ,MahoPa00,QB,2017,2020
817,Ryan Malleck,MallRy02,TE,2017,2017
818,Ryan Mallett,MallRy00,QB,2012,2017
819,Josh Malone,MaloJo00,WR,2017,2020
820,Chris Manhertz,ManhCh00,TE,2014,2020
821,Eli Manning ,MannEl00,QB,2004,2019
822,Peyton Manning ,MannPe00,QB,1998,2015
823,Sean Mannion,MannSe00,QB,2015,2019
824,EJ Manuel,ManuEJ00,QB,2013,2017
825,Johnny Manziel,ManzJo00,QB,2014,2015
826,Marc Mariani,MariMa00,WR,2010,2016
827,Marcus Mariota,MariMa01,QB,2015,2020
828,Bradley Marquez,MarqBr00,WR,2015,2018
829,Brandon Marshall,MarsBr00,WR,2006,2018
830,Byron Marshall,MarsBy01,RB,2016,2018
831,Jalin Marshall,MarsJa01,WR,2016,2016
832,Doug Martin ,MartDo00,RB,2012,2018
833,Keshawn Martin ,MartKe01,WR,2012,2016
834,Freddie Martino ,MartFr00,WR,2014,2018
835,Tre Mason,MasoTr00,RB,2014,2015
836,Ryan Mathews,MathRy00,RB,2010,2016
837,Chris Matthews ,MattCh00,WR,2014,2017
838,Jordan Matthews,MattJo00,WR,2014,2020
839,Rishard Matthews,MattRi00,WR,2012,2018
840,Alexander Mattison,MattAl01,RB,2019,2020
841,Baker Mayfield,MayfBa00,QB,2018,2020
842,Vince Mayle,MaylVi00,WR,2015,2017
843,Devante Mays,MaysDe00,RB,2017,2017
844,Tre McBride,McBrTr00,WR,2015,2017
845,Christian McCaffrey,McCaCh01,RB,2017,2020
846,Max McCaffrey,McCaMa01,WR,2017,2018
847,A.J. McCarron,McCaA.00,QB,2014,2020
848,Riley McCarron,McCaRi00,WR,2018,2018
849,Ray-Ray McCloud,McClRa00,WR,2018,2020
850,Dexter McCluster,McClDe00,WR,2010,2016
851,Josh McCown,McCoJo01,QB,2002,2019
852,Luke McCown,McCoLu00,QB,2004,2015
853,Anthony McCoy,McCoAn00,TE,2010,2015
854,Colt McCoy,McCoCo00,QB,2010,2020
855,LeSean McCoy,McCoLe01,RB,2009,2020
856,Matthew McCrane,McCrMa00,K,2018,2018
857,Vance McDonald,McDoVa00,TE,2013,2020
858,Codey McElroy,McElCo00,WR,2019,2019
859,Tanner McEvoy,McEvTa01,WR,2016,2018
860,Darren McFadden,McFaDa00,RB,2008,2017
861,Anthony McFarland Jr.,McFaAn00,RB,2020,2020
862,Matt McGloin ,McGlMa01,QB,2013,2016
863,Sean McGrath,McGrSe00,TE,2012,2017
864,Elijah McGuire ,McGuEl00,RB,2017,2018
865,Isaiah McKenzie,McKeIs00,WR,2017,2020
866,Sean McKeon,McKeSe01,TE,2020,2020
867,Jerick McKinnon ,McKiJe00,RB,2014,2020
868,J.D. McKissic,McKiJ.00,WR,2016,2020
869,Chase McLaughlin,McLaCh00,K,2019,2020
870,Terry McLaurin ,McLaTe00,WR,2019,2020
871,Brandon McManus,McMaBr01,K,2014,2020
872,Jeremy McNichols ,McNiJe00,RB,2017,2020
873,Paul McRoberts,McRoPa00,WR,2016,2016
874,Trace McSorley,McSoTr00,QB,2019,2020
875,Carson Meier,MeieCa00,TE,2019,2019
876,Cameron Meredith,MereCa00,WR,2015,2018
877,Kirk Merritt,MerrKi00,WR,2020,2020
878,D.K. Metcalf,MetcDK00,WR,2019,2020
879,Zach Mettenberger,MettZa00,QB,2014,2015
880,Jakobi Meyers,MeyeJa01,WR,2019,2020
881,Christine Michael ,MichCh00,RB,2013,2018
882,Marken Michel,MichMa00,WR,2020,2020
883,Sony Michel,MichSo00,RB,2018,2020
884,Jaydon Mickens,MickJa01,WR,2017,2020
885,Anthony Miller,MillAn02,WR,2018,2020
886,Braxton Miller,MillBr03,WR,2016,2017
887,Bruce Miller,MillBr02,RB,2011,2020
888,Heath Miller,MillHe00,TE,2005,2015
889,Kyle Miller,MillKy00,TE,2012,2015
890,Lamar Miller,MillLa01,RB,2012,2020
891,Scott Miller ,MillSc01,WR,2019,2020
892,Zach Miller,MillZa02,TE,2009,2017
893,Denzel Mims ,MimsDe00,WR,2020,2020
894,Gardner Minshew II,MinsGa00,QB,2019,2020
895,Malcolm Mitchell ,MitcMa01,WR,2016,2016
896,Steven Mitchell,MitcSt02,WR,2018,2020
897,Joe Mixon,MixoJo00,RB,2017,2020
898,Taquan Mizzell,MizzTa00,RB,2017,2018
899,Tony Moeaki,MoeaTo00,TE,2010,2015
900,Ifeanyi Momah,MomaIf00,WR,2014,2017
901,Donte Moncrief,MoncDo00,WR,2014,2020
902,David Montgomery,MontDa01,RB,2019,2020
903,Darnell Mooney,MoonDa00,WR,2020,2020
904,Chris Moore,MoorCh00,WR,2016,2020
905,D.J. Moore,MoorD.00,WR,2018,2020
906,David Moore,MoorDa03,WR,2017,2020
907,Denarius Moore,MoorDe02,WR,2011,2015
908,J'Mon Moore,MoorJM00,WR,2018,2018
909,Jason Moore,MoorJa02,WR,2019,2020
910,Kellen Moore,MoorKe02,QB,2012,2015
911,Lance Moore,MoorLa00,WR,2006,2015
912,Marlon Moore,MoorMa02,WR,2010,2015
913,Matt Moore,MoorMa01,QB,2007,2019
914,Foster Moreau,MoreFo00,TE,2019,2020
915,David Morgan,MorgDa01,TE,2016,2018
916,Joe Morgan,MorgJo01,WR,2012,2015
917,Stanley Morgan Jr.,MorgSt02,WR,2019,2020
918,Alfred Morris ,MorrAl00,RB,2012,2020
919,Zack Moss ,MossZa00,RB,2020,2020
920,Raheem Mostert,MostRa00,RB,2015,2020
921,Nick Mullens ,MullNi00,QB,2018,2020
922,Matthew Mulligan,MullMa00,TE,2009,2016
923,Keith Mumphery,MumpKe00,WR,2015,2016
924,Johnny Mundt,MundJo00,TE,2017,2020
925,Louis Murphy,MurpLo00,WR,2009,2017
926,Marcus Murphy,MurpMa03,RB,2015,2018
927,Tyler Murphy,MurpTy00,WR,2015,2015
928,DeMarco Murray,MurrDe00,RB,2011,2017
929,Kyler Murray ,MurrKy00,QB,2019,2020
930,Latavius Murray,MurrLa00,RB,2014,2020
931,Patrick Murray,MurrPa01,K,2014,2017
932,Chris Myarick,MyarCh00,TE,2020,2020
933,Brandon Myers,MyerBr00,TE,2009,2016
934,Jason Myers,MyerJa00,K,2015,2020
935,Gabe Nabers,NabeGa00,RB,2020,2020
936,Ryan Nall,NallRy00,RB,2019,2020
937,Ryan Nassib,NassRy00,QB,2014,2015
938,Jojo Natson,NatsJo00,WR,2017,2020
939,Isaac Nauta,NautIs00,TE,2019,2020
940,JJ Nelson,NelsJJ00,WR,2015,2019
941,Jordy Nelson,NelsJo00,WR,2008,2018
942,Kyle Nelson,NelsKy00,TE,2012,2020
943,Detrez Newsome,NewsDe00,RB,2018,2018
944,Cam Newton,NewtCa00,QB,2011,2020
945,Hakeem Nicks,NickHa01,WR,2009,2015
946,Troy Niklas,NiklTr00,TE,2014,2017
947,Roosevelt Nix,NixxRo01,RB,2015,2019
948,David Njoku ,NjokDa00,TE,2017,2020
949,Jordan Norwood,NorwJo00,WR,2009,2016
950,Kevin Norwood,NorwKe00,WR,2014,2015
951,Nick Novak,novaknic01,K,2005,2017
952,Mike Nugent,nugenmik01,K,2005,2020
953,Nick O'Leary,OLeaNi00,TE,2015,2019
954,Ryan O'Malley,OMalRy00,TE,2016,2017
955,James O'Shaughnessy,O'ShJa00,TE,2015,2020
956,Dare Ogunbowale,OgunDa00,RB,2017,2020
957,Albert Okwuegbunam ,OkwuAl00,TE,2020,2020
958,Jamize Olawale ,OlawJa00,RB,2012,2019
959,Branden Oliver,OlivBr01,RB,2014,2017
960,Josh Oliver ,OlivJo00,TE,2019,2019
961,Qadree Ollison,OlliQa00,RB,2019,2020
962,Sewo Olonilua,OlonSe01,RB,2020,2020
963,Greg Olsen,OlseGr00,TE,2007,2020
964,Gunner Olszewski,OlszGu00,WR,2019,2020
965,Toben Opurum,OpurTo00,RB,2014,2015
966,Dan Orlovsky,OrloDa00,QB,2005,2015
967,Ricky Ortiz,OrtiRi00,RB,2018,2019
968,Matthew Orzech,OrzeMa00,TE,2019,2019
969,K.J. Osborn,OsboKJ00,WR,2020,2020
970,Brock Osweiler ,OsweBr00,QB,2012,2018
971,Chris Owusu,OwusCh00,WR,2012,2015
972,Devine Ozigbo,OzigDe01,RB,2019,2020
973,Carson Palmer,PalmCa00,QB,2004,2017
974,Donald Parham,ParhDo00,TE,2020,2020
975,Brian Parker,ParkBr00,TE,2015,2018
976,DeVante Parker,ParkDe01,WR,2015,2020
977,Preston Parker,ParkPr00,WR,2010,2015
978,Cody Parkey,ParkCo03,K,2014,2020
979,Colby Parkinson,ParkCo02,TE,2020,2020
980,Zach Pascal,PascZa00,WR,2018,2020
981,Bear Pascoe,PascBe00,TE,2009,2015
982,Dezmon Patmon,PatmDe00,WR,2020,2020
983,Tim Patrick,PatrTi00,WR,2018,2020
984,Cordarrelle Patterson,PattCo00,WR,2013,2020
985,Andre Patton,PattAn00,WR,2019,2019
986,Quinton Patton,PattQu00,WR,2013,2016
987,Niles Paul,PaulNi00,WR,2011,2018
988,Logan Paulsen,PaulLo00,TE,2010,2018
989,Jordan Payton,PaytJo00,WR,2016,2016
990,Isaiah Pead,PeadIs00,RB,2012,2016
991,Charone Peake,PeakCh00,WR,2016,2018
992,Cedric Peerman,PeerCe00,RB,2009,2016
993,Elijhaa Penny,PennEl00,RB,2017,2020
994,Rashaad Penny,PennRa00,RB,2018,2020
995,Donovan Peoples-Jones,PeopDo00,WR,2020,2020
996,Justin Perillo,PeriJu00,TE,2014,2016
997,La'Mical Perine ,PeriLa00,RB,2020,2020
998,Samaje Perine,PeriSa00,RB,2017,2020
999,Joshua Perkins ,PerkJo02,TE,2016,2019
1000,Paul Perkins ,PerkPa00,RB,2016,2019
1001,Breshad Perriman,PerrBr02,WR,2016,2020
1002,Malcolm Perry,PerrMa00,WR,2020,2020
1003,Senorise Perry ,PerrSe00,RB,2014,2020
1004,Nathan Peterman ,PeteNa00,QB,2017,2020
1005,Adrian Peterson,PeteAd01,RB,2007,2020
1006,Brandon Pettigrew,PettBr00,TE,2009,2015
1007,Dante Pettis,PettDa00,WR,2018,2020
1008,Bryce Petty,PettBr01,QB,2016,2017
1009,Cam Phillips,PhilCa01,WR,2018,2018
1010,John Phillips,PhilJo00,TE,2009,2018
1011,Scottie Phillips,PhilSc01,RB,2020,2020
1012,Artavis Pierce,PierAr00,RB,2020,2020
1013,Bernard Pierce,PierBe00,RB,2012,2015
1014,Eddy Pineiro ,PineEd00,K,2019,2019
1015,Larry Pinkard,PinkLa00,WR,2017,2017
1016,Dennis Pitta,PittDe00,TE,2010,2016
1017,Michael Pittman Jr.,PittMi01,WR,2020,2020
1018,Chris Polk,PolkCh00,RB,2012,2015
1019,Tony Pollard,PollTo00,RB,2019,2020
1020,Troymaine Pope,PopeTr00,RB,2016,2020
1021,Darius Powe,PoweDa02,WR,2017,2017
1022,Bilal Powell,PoweBi00,RB,2011,2019
1023,Brandon Powell,PoweBr00,WR,2018,2020
1024,Walt Powell,PoweWa00,WR,2014,2016
1025,Matt Prater,PratMa20,K,2007,2020
1026,Dak Prescott ,PresDa01,QB,2016,2020
1027,Byron Pringle,PrinBy00,WR,2019,2020
1028,James Proche,ProcJa00,WR,2020,2020
1029,Jay Prosch,ProsJa00,RB,2014,2017
1030,C.J. Prosise,ProsC.00,RB,2016,2020
1031,MyCole Pruitt,PruiMy00,TE,2015,2020
1032,Terrelle Pryor,PryoTe00,QB,2011,2018
1033,Andrew Quarless,QuarAn00,TE,2010,2015
1034,Brian Quick,QuicBr00,WR,2012,2018
1035,Trey Quinn,QuinTr00,WR,2018,2020
1036,Kevin Rader,RadeKe00,TE,2020,2020
1037,Bobby Rainey,RainBo00,RB,2012,2017
1038,Joseph Randle ,RandJo01,RB,2013,2015
1039,Rueben Randle ,RandRu00,WR,2012,2015
1040,Damion Ratley,RatlDa00,WR,2018,2020
1041,Thomas Rawls,RawlTh00,RB,2015,2018
1042,Kalif Raymond,RaymKa00,WR,2016,2020
1043,Jalen Reagor ,ReagJa00,WR,2020,2020
1044,Marcel Reece ,ReecMa00,RB,2009,2016
1045,Joe Reed,ReedJo03,WR,2020,2020
1046,Jordan Reed,ReedJo02,TE,2013,2020
1047,Bernard Reedy,ReedBe01,WR,2014,2017
1048,Sean Renfree ,RenfSe00,QB,2014,2015
1049,Hunter Renfrow,RenfHu00,WR,2019,2020
1050,Konrad Reuland ,ReulKo00,TE,2012,2015
1051,Chase Reynolds,ReynCh00,RB,2012,2016
1052,Craig Reynolds,ReynCr00,RB,2019,2020
1053,Josh Reynolds,ReynJo00,WR,2017,2020
1054,Keenan Reynolds,ReynKe00,RB,2018,2018
1055,Jalen Richard,RichJa01,RB,2016,2020
1056,Daryl Richardson ,RichDa00,RB,2012,2016
1057,Paul Richardson ,RichPa01,WR,2014,2019
1058,Rico Richardson ,RichRi00,WR,2014,2015
1059,Theo Riddick,RiddTh00,RB,2013,2020
1060,Calvin Ridley,RidlCa00,WR,2018,2020
1061,Riley Ridley,RidlRi00,WR,2019,2020
1062,Stevan Ridley,RidlSt00,RB,2011,2018
1063,Aaron Ripkowski,RipkAa00,RB,2015,2017
1064,Mychal Rivera ,RiveMy00,TE,2013,2016
1065,Philip Rivers,RivePh00,QB,2004,2020
1066,Andre Roberts,RobeAn00,WR,2010,2020
1067,Michael Roberts ,RobeMi01,TE,2017,2018
1068,Seth Roberts ,RobeSe00,WR,2014,2020
1069,Aldrick Robinson,RobiAl00,WR,2012,2018
1070,Allen Robinson,RobiAl02,WR,2014,2020
1071,Demarcus Robinson,RobiDe01,WR,2016,2020
1072,Denard Robinson,RobiDe00,RB,2013,2016
1073,James Robinson,RobiJa00,RB,2020,2020
1074,Josh Robinson,RobiJo02,RB,2015,2015
1075,Khiry Robinson,RobiKh00,RB,2013,2016
1076,Aaron Rodgers ,RodgAa00,QB,2005,2020
1077,Jacquizz Rodgers ,RodgJa00,RB,2011,2018
1078,Richard Rodgers ,RodgRi00,TE,2014,2020
1079,Ben Roethlisberger,RoetBe00,QB,2004,2020
1080,Chester Rogers,RogeCh02,WR,2016,2019
1081,Eli Rogers ,RogeEl00,WR,2016,2018
1082,Tony Romo ,RomoTo00,QB,2004,2016
1083,Aldrick Rosas,RosaAl00,K,2017,2020
1084,Nick Rose,RoseNi00,K,2017,2018
1085,Josh Rosen,RoseJo01,QB,2018,2019
1086,Jeremy Ross,RossJe01,WR,2012,2016
1087,John Ross ,RossJo00,WR,2017,2020
1088,Rashad Ross,RossRa00,WR,2014,2016
1089,Chris Rowland,RowlCh00,WR,2020,2020
1090,Eddie Royal,RoyaEd00,WR,2008,2016
1091,Jake Rudock,RudoJa00,QB,2017,2017
1092,Kyle Rudolph ,RudoKy00,TE,2011,2020
1093,Mason Rudolph,RudoMa00,QB,2019,2020
1094,Travis Rudolph,RudoTr00,WR,2017,2017
1095,Henry Ruggs III,RuggHe00,WR,2020,2020
1096,Cooper Rush,RushCo00,QB,2017,2019
1097,Alonzo Russell,RussAl01,WR,2018,2018
1098,Taylor Russolino,RussTa00,K,2020,2020
1099,Matt Ryan,RyanMa00,QB,2008,2020
1100,Brett Rypien,RypiBr00,QB,2020,2020
1101,Greg Salas,SalaGr00,WR,2011,2016
1102,Drew Sample,SampDr00,TE,2019,2020
1103,Curtis Samuel ,SamuCu00,WR,2017,2020
1104,Deebo Samuel,SamuDe00,WR,2019,2020
1105,Jaylen Samuels,SamuJa00,RB,2018,2020
1106,Mark Sanchez,SancMa00,QB,2009,2018
1107,Emmanuel Sanders ,SandEm00,WR,2010,2020
1108,Jason Sanders,SandJa00,K,2018,2020
1109,Miles Sanders ,SandMi01,RB,2019,2020
1110,Bishop Sankey,SankBi00,RB,2014,2015
1111,Cairo Santos,SantCa01,K,2014,2020
1112,Mohamed Sanu,SanuMo00,WR,2012,2020
1113,Eric Saubert,SaubEr00,TE,2017,2020
1114,Tom Savage ,SavaTo00,QB,2014,2017
1115,Wes Saxton,SaxtWe01,TE,2015,2015
1116,Bo Scarbrough,ScarBo01,RB,2019,2020
1117,Jordan Scarlett,ScarJo00,RB,2019,2019
1118,Matt Schaub,SchaMa00,QB,2004,2020
1119,Spencer Schnell,SchnSp00,WR,2019,2019
1120,Mason Schreck,SchrMa00,TE,2018,2020
1121,Dalton Schultz,SchuDa00,TE,2018,2020
1122,Josh Scobee ,scobejos01,K,2004,2015
1123,Boston Scott,ScotBo02,RB,2018,2020
1124,Da'Mari Scott,ScotDa02,WR,2018,2019
1125,Jaleel Scott,ScotJa02,WR,2019,2020
1126,Rashawn Scott,ScotRa01,WR,2016,2017
1127,Ricky Seals-Jones,SealRi00,WR,2017,2020
1128,Austin Seferian-Jenkins,SefeAu00,TE,2014,2018
1129,Austin Seibert,SeibAu00,K,2019,2020
1130,Adam Shaheen,ShahAd00,TE,2017,2020
1131,Hunter Sharp,SharHu01,WR,2017,2017
1132,Tajae Sharpe,SharTa00,WR,2016,2020
1133,Laviska Shenault Jr.,ShenLa00,WR,2020,2020
1134,Russell Shepard,ShepRu00,WR,2013,2019
1135,Sterling Shepard,ShepSt00,WR,2016,2020
1136,Darrius Shepherd,ShepDa00,WR,2019,2020
1137,Trent Sherfield,SherTr00,WR,2018,2020
1138,Anthony Sherman,SherAn00,RB,2011,2020
1139,Cecil Shorts,ShorCe00,WR,2011,2016
1140,Mickey Shuler,ShulMi01,TE,2010,2015
1141,Trevor Siemian ,SiemTr00,QB,2015,2019
1142,Scott Simonson,SimoSc00,TE,2014,2019
1143,Jerome Simpson,SimpJe00,WR,2008,2015
1144,Cam Sims,SimsCa00,WR,2018,2020
1145,Charles Sims,SimsCh00,RB,2014,2017
1146,Dion Sims,SimsDi00,TE,2013,2018
1147,Steven Sims,SimsSt00,WR,2019,2020
1148,Devin Singletary,SingDe00,RB,2019,2020
1149,Matthew Slater,SlatMa00,WR,2008,2020
1150,Darius Slayton,SlayDa01,WR,2019,2020
1151,Sam Sloman ,SlomSa00,K,2020,2020
1152,Joey Slye,SlyeJo00,K,2019,2020
1153,Wendell Smallwood,SmalWe00,RB,2016,2020
1154,DeAndre Smelter,SmelDe00,WR,2016,2016
1155,Alex Smith,SmitAl02,TE,2005,2015
1156,Alex Smith,SmitAl03,QB,2005,2020
1157,Antone Smith,SmitAn01,RB,2010,2016
1158,De'Veon Smith,SmitDe06,RB,2017,2017
1159,Devin Smith,SmitDe04,WR,2015,2019
1160,Dreamius Smith,SmitDr02,RB,2015,2015
1161,Geno Smith,SmitGe00,QB,2013,2020
1162,Irv Smith Jr.,SmitIr01,TE,2019,2020
1163,Ito Smith,SmitIt00,RB,2018,2020
1164,Jeff Smith,SmitJe03,WR,2019,2020
1165,Jonnu Smith,SmitJo01,TE,2017,2020
1166,Kaden Smith,SmitKa00,TE,2019,2020
1167,Kevin Smith,SmitKe04,WR,2015,2015
1168,Lee Smith,SmitLe00,TE,2011,2020
1169,Rod Smith,SmitRo06,RB,2015,2019
1170,Rodney Smith,SmitRo08,RB,2020,2020
1171,Shane Smith,SmitSh02,RB,2017,2018
1172,Steve Smith,SmitSt01,WR,2001,2016
1173,Tevaun Smith,SmitTe03,WR,2016,2016
1174,Torrey Smith,SmitTo02,WR,2011,2018
1175,Tre'Quan Smith,SmitTr03,WR,2018,2020
1176,Vyncint Smith,SmitVy00,WR,2018,2020
1177,JuJu Smith-Schuster,SmitJu00,WR,2017,2020
1178,Durham Smythe,SmytDu00,TE,2018,2020
1179,Willie Snead ,SneaWi00,WR,2014,2020
1180,Matt Sokol,SokoMa00,TE,2020,2020
1181,Matt Spaeth,SpaeMa00,TE,2007,2015
1182,Diontae Spencer,SpenDi00,WR,2019,2020
1183,Evan Spencer,SpenEv00,WR,2015,2015
1184,C.J. Spiller,SpilC.00,RB,2010,2017
1185,Jeremy Sprinkle,SpriJe00,TE,2017,2020
1186,Darren Sproles ,SproDa00,RB,2005,2019
1187,Equanimeous St. Brown,St.BEq00,WR,2018,2020
1188,Zac Stacy,StacZa00,RB,2013,2015
1189,Matthew Stafford,StafMa00,QB,2009,2020
1190,Drew Stanton,StanDr00,QB,2008,2017
1191,Johnny Stanton,StanJo02,RB,2020,2020
1192,James Starks,StarJa00,RB,2010,2016
1193,Neal Sterling,SterNe00,WR,2015,2018
1194,Jace Sternberger,SterJa00,TE,2019,2020
1195,Craig Stevens,StevCr00,TE,2008,2015
1196,Tommy Stevens ,StevTo01,QB,2020,2020
1197,ArDarius Stewart,StewAr00,WR,2017,2017
1198,Jonathan Stewart,StewJo00,RB,2008,2018
1199,Easton Stick,SticEa00,QB,2020,2020
1200,Jarrett Stidham,StidJa00,QB,2019,2020
1201,Kenny Stills,StilKe00,WR,2013,2020
1202,Luke Stocker,StocLu00,TE,2011,2020
1203,Jake Stoneburner,StonJa01,TE,2013,2015
1204,Rod Streater,StreRo00,WR,2012,2018
1205,Devin Street,StreDe00,WR,2014,2016
1206,Chris Streveler ,StreCh00,QB,2020,2020
1207,Jaelen Strong,StroJa01,WR,2015,2017
1208,Caleb Sturgis,SturCa00,K,2013,2018
1209,Ryan Succop,SuccRy44,K,2009,2020
1210,Nate Sudfeld,SudfNa00,QB,2017,2020
1211,Stephen Sullivan,SullSt00,TE,2020,2020
1212,Phillip Supernaw,SupePh00,TE,2012,2017
1213,Courtland Sutton ,SuttCo00,WR,2018,2020
1214,Geoff Swaim,SwaiGe00,TE,2015,2020
1215,Freddie Swain,SwaiFr00,WR,2020,2020
1216,Tommy Sweeney,SweeTo00,TE,2019,2019
1217,D'Andre Swift ,SwifDA00,RB,2020,2020
1218,Ryan Switzer,SwitRy00,WR,2017,2019
1219,Erik Swoope,SwooEr00,TE,2014,2018
1220,Tyrone Swoopes,SwooTy00,TE,2017,2019
1221,Tua Tagovailoa ,TagoTu00,QB,2020,2020
1222,Lorenzo Taliaferro ,TaliLo00,RB,2014,2016
1223,Jacob Tamme,TammJa00,TE,2008,2016
1224,Ryan Tannehill,TannRy00,QB,2012,2020
1225,Alex Tanney,TannAl00,QB,2012,2019
1226,Auden Tate,TateAu00,WR,2018,2020
1227,Brandon Tate,TateBr00,WR,2009,2018
1228,Golden Tate,TateGo00,WR,2010,2020
1229,Giorgio Tavecchio,TaveGi00,K,2017,2018
1230,J.J. Taylor,TaylJJ01,RB,2020,2020
1231,Jonathan Taylor,TaylJo02,RB,2020,2020
1232,Jordan Taylor,TaylJo01,WR,2016,2017
1233,Malik Taylor,TaylMa01,WR,2020,2020
1234,Stepfan Taylor,TaylSt00,RB,2013,2016
1235,Taywan Taylor,TaylTa00,WR,2017,2020
1236,Trent Taylor,TaylTr02,WR,2017,2020
1237,Tyrod Taylor ,TaylTy00,QB,2011,2020
1238,Randall Telfer,TelfRa00,TE,2016,2017
1239,Adam Thielen,ThieAd00,WR,2014,2020
1240,Marcus Thigpen,ThigMa00,WR,2012,2015
1241,De'Anthony Thomas,ThomDe05,RB,2014,2019
1242,Demaryius Thomas,ThomDe03,WR,2010,2019
1243,Ian Thomas,ThomIa00,TE,2018,2020
1244,Jordan Thomas,ThomJo05,TE,2018,2020
1245,Julius Thomas,ThomJu00,TE,2011,2017
1246,Michael Thomas,ThomMi05,WR,2016,2020
1247,Mike Thomas,ThomMi04,WR,2016,2020
1248,Pierre Thomas,ThomPi00,RB,2007,2015
1249,Roc Thomas,ThomRo05,RB,2018,2018
1250,Kenbrell Thompkins,ThomKe02,WR,2013,2015
1251,Chris Thompson,ThomCh03,RB,2013,2020
1252,Chris Thompson,ThomCh05,WR,2017,2017
1253,Colin Thompson,ThomCo03,TE,2020,2020
1254,Darwin Thompson,ThomDa06,RB,2019,2020
1255,Deonte Thompson,ThomDe04,WR,2012,2018
1256,Juwan Thompson,ThomJu01,RB,2014,2016
1257,D.J. Tialavea,TialD.00,TE,2016,2016
1258,Zurlon Tipton,TiptZu01,RB,2014,2015
1259,Jordan Todman,TodmJo00,RB,2011,2017
1260,Noah Togiai,TogiNo00,TE,2020,2020
1261,Levine Toilolo,ToilLe00,TE,2013,2020
1262,Mike Tolbert,TolbMi00,RB,2008,2017
1263,Jalen Tolliver,TollJa00,WR,2018,2018
1264,Scott Tolzien,TolzSc00,QB,2012,2017
1265,Eric Tomlinson,TomlEr01,TE,2016,2020
1266,Robert Tonyan ,TonyRo00,TE,2018,2020
1267,Nick Toon,ToonNi00,WR,2012,2015
1268,Fitzgerald Toussaint,TousFi00,RB,2014,2017
1269,Adam Trautman ,TrauAd00,TE,2020,2020
1270,Ross Travis,TravRo00,TE,2016,2020
1271,Austin Traylor,TrayAu00,TE,2017,2017
1272,Laquon Treadwell,TreaLa00,WR,2016,2020
1273,Bryce Treggs,TregBr00,WR,2016,2017
1274,Mitchell Trubisky ,TrubMi00,QB,2017,2020
1275,Justin Tucker,TuckJu00,K,2012,2020
1276,Robert Turbin,TurbRo00,RB,2012,2019
1277,De'Lance Turner,TurnDe01,RB,2018,2019
1278,Malik Turner,TurnMa00,WR,2018,2020
1279,Paul Turner ,TurnPa01,WR,2016,2016
1280,Andrew Turzilli,TurzAn00,WR,2015,2015
1281,Will Tye,TyexWi00,TE,2015,2017
1282,John Ursua,UrsuJo00,WR,2019,2019
1283,C.J. Uzomah,UzomC.00,TE,2015,2020
1284,Marquez Valdes-Scantling,ValdMa00,WR,2018,2020
1285,Hakeem Valles,VallHa00,TE,2016,2018
1286,Jason Vander Laan,VandJa00,TE,2017,2019
1287,Nick Vannett,VannNi00,TE,2016,2020
1288,Tyler Varga,VargTy00,RB,2015,2015
1289,Ke'Shawn Vaughn ,VaugKe00,RB,2020,2020
1290,Shane Vereen,VereSh00,RB,2011,2017
1291,Michael Vick,VickMi00,QB,2001,2015
1292,Adam Vinatieri,vinatada01,K,1996,2019
1293,Danny Vitale ,VitaDa00,RB,2016,2019
1294,Tristan Vizcaino,VizcTr00,K,2020,2020
1295,Clive Walford,WalfCl00,TE,2015,2019
1296,Delanie Walker,WalkHu00,TE,2006,2019
1297,Michael Walker,WalkMi00,WR,2019,2019
1298,Phillip Walker ,WalkPh00,QB,2020,2020
1299,Mike Wallace,WallMi00,WR,2009,2018
1300,Darren Waller,WallDa01,WR,2015,2020
1301,Blair Walsh,WalsBl00,K,2012,2017
1302,Austin Walter,WaltAu00,RB,2019,2020
1303,Bryan Walters,WaltBr00,WR,2011,2016
1304,Mark Walton,WaltMa00,RB,2018,2019
1305,Greg Ward,WardGr02,WR,2019,2020
1306,Jonathan Ward,WardJo00,RB,2020,2020
1307,Terron Ward,WardTe00,RB,2015,2017
1308,Spencer Ware,WareSp00,RB,2013,2019
1309,Michael Warren,WarrMi01,RB,2020,2020
1310,Kahale Warring,WarrKa00,TE,2020,2020
1311,DeAndre Washington,WashDe00,RB,2016,2020
1312,Dwayne Washington,WashDw00,RB,2016,2020
1313,James Washington,WashJa00,WR,2018,2020
1314,Nate Washington,WashNa00,WR,2005,2015
1315,Tony Washington,WashTo00,WR,2014,2016
1316,Quez Watkins,WatkQu00,WR,2020,2020
1317,Sammy Watkins,WatkSa00,WR,2014,2020
1318,Ben Watson,WatsBe00,TE,2004,2019
1319,Deshaun Watson ,WatsDe00,QB,2017,2020
1320,Justin Watson,WatsJu01,WR,2018,2020
1321,Terrell Watson,WatsTe00,RB,2016,2017
1322,Derek Watt,WattDe00,RB,2016,2020
1323,Trey Watts,WattTr00,RB,2014,2015
1324,Jester Weah ,WeahJe01,WR,2019,2019
1325,Joe Webb,WebbJo00,WR,2010,2020
1326,Nsimba Webster,WebsNs00,WR,2019,2020
1327,Brandon Weeden,WeedBr00,QB,2012,2018
1328,Eric Weems,WeemEr00,WR,2007,2017
1329,Brandon Wegher,WeghBr00,RB,2015,2015
1330,Wes Welker,WelkWe00,WR,2004,2015
1331,Carson Wentz ,WentCa00,QB,2016,2020
1332,Trevon Wesco,WescTr00,TE,2019,2020
1333,Charcandrick West ,WestCh01,RB,2014,2018
1334,Terrance West ,WestTe00,RB,2014,2017
1335,Dede Westbrook,WestDe00,WR,2017,2020
1336,Nick Westbrook-Ikhine,WestNi00,WR,2020,2020
1337,Griff Whalen,WhalGr00,WR,2012,2017
1338,Markus Wheaton,WheaMa00,WR,2013,2018
1339,DeAndrew White,WhitDe01,WR,2015,2019
1340,James White ,WhitJa02,RB,2014,2020
1341,Kevin White,WhitKe00,WR,2016,2020
1342,Myles White,WhitMy00,WR,2013,2015
1343,Roddy White,WhitRo00,WR,2005,2015
1344,Tim White,WhitTi00,WR,2018,2018
1345,Lucky Whitehead,WhitLu00,WR,2015,2016
1346,Charlie Whitehurst ,WhitCh02,QB,2006,2016
1347,Nikita Whitlock,WhitNi01,RB,2014,2015
1348,Isaac Whitney,WhitIs00,WR,2017,2017
1349,Fozzy Whittaker ,WhitFo00,RB,2012,2017
1350,Kerrith Whyte Jr,WhytKe00,RB,2019,2019
1351,Cole Wick,WickCo00,TE,2016,2018
1352,Brandon Wilds,WildBr01,RB,2016,2018
1353,Kristian Wilkerson,WilkKr00,WR,2020,2020
1354,Jordan Wilkins,WilkJo01,RB,2018,2020
1355,Andre Williams,WillAn00,RB,2014,2017
1356,Antonio Williams,WillAn03,RB,2020,2020
1357,Brandon Williams,WillBr04,TE,2013,2017
1358,Chad Williams,WillCh05,WR,2017,2019
1359,Damien Williams ,WillDa05,RB,2014,2019
1360,Darrel Williams,WillDa10,RB,2018,2020
1361,David Williams,WillDa011,RB,2018,2018
1362,DeAngelo Williams,WillDe02,RB,2006,2016
1363,Dexter Williams,WillDe07,RB,2019,2020
1364,Duke Williams,WillDu01,WR,2019,2020
1365,Jamaal Williams,WillJa06,RB,2017,2020
1366,Jarveon Williams,WillJa07,RB,2017,2017
1367,Jonathan Williams,WillJo07,RB,2016,2020
1368,Karlos Williams ,WillKa01,RB,2015,2015
1369,Kasen Williams ,WillKa02,WR,2015,2017
1370,Kerwynn Williams,WillKe05,RB,2013,2017
1371,Marquez Williams,WillMa09,RB,2017,2017
1372,Maxx Williams,WillMa04,TE,2015,2020
1373,Michael Williams,WillMi06,TE,2014,2015
1374,Mike Williams ,WillMi07,WR,2017,2020
1375,Nick Williams,WillNi02,WR,2013,2018
1376,Preston Williams,WillPr01,WR,2019,2020
1377,Terrance Williams,WillTe01,WR,2013,2018
1378,Trayveon Williams,WillTr06,RB,2019,2020
1379,Trey Williams,WillTr03,RB,2015,2015
1380,Tyrell Williams,WillTy00,WR,2015,2019
1381,Wendall Williams,WillWe00,WR,2016,2016
1382,Derrick Willies,WillDe06,WR,2018,2020
1383,Damion Willis,WillDa11,WR,2019,2019
1384,Luke Willson,WillLu00,TE,2013,2020
1385,Albert Wilson,WilsAl02,WR,2014,2019
1386,Bobo Wilson,WilsJe00,WR,2017,2019
1387,Caleb Wilson,WilsCa00,TE,2020,2020
1388,Cedrick Wilson Jr.,WilsCe01,WR,2019,2020
1389,Jeff Wilson,WilsJe01,RB,2018,2020
1390,Marquess Wilson,WilsMa02,WR,2013,2016
1391,Russell Wilson ,WilsRu00,QB,2012,2020
1392,Shaun Wilson,WilsSh01,RB,2018,2018
1393,Javon Wims,WimsJa00,WR,2018,2020
1394,Juwann Winfree,WinfJu00,WR,2019,2020
1395,George Winn,WinnGe00,RB,2014,2015
1396,Glenn Winston,WinsGl00,RB,2014,2015
1397,Jameis Winston,WinsJa00,QB,2015,2020
1398,Jason Witten,WittJa00,TE,2003,2020
1399,Charlie Woerner,WoerCh00,TE,2020,2020
1400,John Wolford,WolfJo00,QB,2020,2020
1401,Cierre Wood,WoodCi00,RB,2013,2015
1402,Danny Woodhead,WoodDa02,RB,2009,2017
1403,Robert Woods,WoodRo02,WR,2013,2020
1404,Logan Woodside ,WoodLo00,QB,2020,2020
1405,Chandler Worthy,WortCh00,WR,2015,2015
1406,Brandon Wright,WrigBr00,K,2020,2020
1407,Isaiah Wright,WrigIs01,WR,2020,2020
1408,James Wright,WrigJa03,WR,2014,2016
1409,Jarius Wright,WrigJa02,WR,2012,2019
1410,Kendall Wright,WrigKe01,WR,2012,2017
1411,Matthew Wright ,WrigMa00,K,2020,2020
1412,Tim Wright,WrigTi01,TE,2013,2015
1413,Shane Wynn,WynnSh00,WR,2016,2016
1414,T.J. Yates,YateT.00,QB,2011,2017
1415,Deon Yelder,YeldDe00,TE,2018,2020
1416,T.J. Yeldon,YeldT.00,RB,2015,2020
1417,Darrel Young,YounDa01,RB,2010,2015
1418,Olamide Zaccheaus,ZaccOl01,WR,2019,2020
1419,Zach Zenner,ZennZa00,RB,2015,2019
1420,Isaiah Zuber,ZubeIs00,WR,2020,2020
1421,Greg Zuerlein,ZuerGr00,K,2012,2020
1422,Brandon Zylstra,ZylsBr00,WR,2018,2020
